QPP_Method,Benefit_Mean,Hurt_Mean,Mean_Diff,T_Statistic,P_Value,Cohens_D,Significant,Effect_Size
NQC,0.16930360518000623,0.18003726979962642,-0.010733664619620192,-1.0468405587383218,0.3032671379774544,-0.3642661266239248,No (p>=0.05),Small
WIG,30.078439885377886,31.16781721956589,-1.0893773341880042,-0.5488349627426563,0.5870503391618468,-0.19207063595112206,No (p>=0.05),Small
UEF,0.0,0.0,0.0,,,0.0,No (p>=0.05),Small
SMV,0.6513275117199095,0.7115161416916911,-0.06018862997178154,-0.6552500201806027,0.5171401140481835,-0.22771921607982695,No (p>=0.05),Small
DENSE_QPP,0.9326512389287577,0.9302595884561387,0.0023916504726190224,0.3072155036169835,0.7607337341551785,0.10675392800934534,No (p>=0.05),Small
