QPP,direction,threshold,accuracy,precision,recall,f1,auc_roc,n_samples
SMV,越低越好,0.8240506151985773,0.6060606060606061,0.56,0.875,0.6829268292682927,0.5955882352941175,33
WIG,越低越好,36.952802333831784,0.5757575757575758,0.5357142857142857,0.9375,0.6818181818181818,0.5404411764705883,33
NQC,越低越好,0.1729064832992429,0.6363636363636364,0.6,0.75,0.6666666666666666,0.6176470588235294,33
UEF,越高越好,0.0,0.48484848484848486,0.48484848484848486,1.0,0.6530612244897959,0.5,33
DENSE_QPP,越高越好,0.9383292321169949,0.6666666666666666,0.6666666666666666,0.625,0.6451612903225806,0.5404411764705882,33
