query_id,dcg_score,mrr_score,majority_at_k_score
19335,0.49949061714740306,0.5068783068783069,0.3
47923,0.3333333333333333,0.2,0.0
87181,0.5701760246179909,0.6458616010854817,0.6666666666666666
87452,0.502343043463613,0.501487433449401,0.5
104861,0.5056342769005477,0.5017793594306049,0.75
130510,0.5493785568446624,0.614295519168546,1.0
131843,0.546546529670947,0.608294930875576,1.0
146187,0.4699717285340226,0.42586750788643535,0.0
148538,0.42149624335950786,0.33121019108280253,0.0
156493,0.5486580847279428,0.5904761904761905,0.5
168216,0.5250159082209249,0.5555555555555556,0.5
182539,0.550646621537743,0.6067415730337079,0.5
183378,0.565645948106679,0.6397248495270851,0.6666666666666666
207786,0.4843377616683683,0.45899227657226926,0.5
264014,0.618207581881764,0.7058823529411765,0.6
359349,0.46835230099930314,0.4333666333666334,0.5
405717,0.546546529670947,0.608294930875576,1.0
443396,0.5978774394587547,0.6919416730621644,0.75
451602,0.48650781701798546,0.4776966747769668,0.3333333333333333
489204,0.5344107092490937,0.5819295558958653,0.5
490595,0.5512684507610764,0.6032906764168191,0.55
527433,0.5684266306165316,0.6527809713178465,1.0
573724,0.6130254634290185,0.717443154714581,0.5
833860,0.6396961481099015,0.7563243243243244,1.0
855410,0.5192216936704249,0.5427861246189698,0.8
915593,0.4510283503110881,0.3932584269662921,0.0
962179,0.4732633621587464,0.4364288561179753,0.0
1037798,0.5803856192038863,0.6722504039058166,1.0
1063750,0.41949785032832904,0.3312603017737395,0.3333333333333333
1103812,0.3456871240434053,0.22222222222222224,0.0
1106007,0.5537078703297135,0.6201550387596899,1.0
1110199,0.517249591417757,0.5446752527128634,0.3
1112341,0.3319214012096873,0.21225236480456902,0.27999999999999997
1113437,0.3708826614307696,0.27439024390243905,0.25
1114646,0.6100004628782927,0.7313769751693001,1.0
1114819,0.5688086058771289,0.6285714285714286,0.5
1115776,0.47451495064983396,0.4420765736534717,0.3
1117099,0.40693567407102255,0.3236656191074796,0.4
1121402,,,
1121709,0.5623818557528476,0.6428571428571429,1.0
1124210,0.3931375493447529,0.3130520117762512,0.4
1129237,0.5973747860716655,0.6603773584905661,0.6666666666666666
1133167,0.637040355018932,0.7500549968612275,0.7166666666666666
